,mass,x_cord,y_cord,z_cord
0,0.7055751725156885,0.5324206822752171,0.6212924490496101,0.6415044812562517
1,0.9252483174156658,0.41109560260070654,0.3340499656687692,0.25982813794029946
2,0.18057534512733353,0.3473433262588427,0.7326990505902804,0.8860861088135163
3,0.5679452305526295,0.8998333456872725,0.4045273855738697,0.8956899442666165
4,0.9154882975880418,0.0218233967754895,0.06835320030995862,0.2972872042813265
5,0.03394597858579884,0.6637896861755891,0.7837598424841072,0.2299937539632405
6,0.6974202672468399,0.9633944342135504,0.285758324592706,0.41130397206623126
7,0.29734900737255077,0.5601681834618419,0.43276687959926263,0.24053158518014872
8,0.9243961953765304,0.9368224620330918,0.6854438832219015,0.6723838432917036
9,0.9710582451653678,0.05225787928602377,0.332456157148712,0.8260646845482855
10,0.9442664891134339,0.4187933190741614,0.056585656146715624,0.673092130911217
11,0.47421421665746377,0.26015779096205116,0.3739210470128136,0.8243504472493495
12,0.8620426509893134,0.7308209649807298,0.9444485826943034,0.39699216220747413
13,0.8445493985350704,0.9812970904972467,0.6417343972985582,0.15631697070886086
14,0.31910047324325563,0.2565300624442478,0.6714791486672069,0.7379509473975921
15,0.8289154741506773,0.6541746014740745,0.6322821536376398,0.3604745051415539
16,0.03700763471549262,0.19809763275974013,0.1989921389594368,0.6712708252291325
17,0.596269878482053,0.5653302545716099,0.41833386410228013,0.27064394198176567
18,0.23000883728770305,0.4639324866883362,0.7509397983633183,0.08122963480667267
19,0.12056688577727881,0.9720053296315371,0.10137289755315915,0.9925817954877634
20,0.07695320162920916,0.6085272726964666,0.27785277608971226,0.15620150793059928
21,0.6962887758781398,0.3495063720868188,0.2763191084658536,0.988420993963481
22,0.33987496376806614,0.11409578488793337,0.432018927594506,0.9772799325664473
23,0.7247667715287615,0.15124682873493456,0.9803687409421851,0.7938181039080396
24,0.06535634079894237,0.2253169299512351,0.06750254668382194,0.6594229620819976
25,0.31529033783061033,0.250966661340298,0.518700994380595,0.5778070502510847
26,0.5394912923753372,0.8506160578411378,0.17936468201221045,0.8661015453778347
27,0.7907231648389635,0.5612227882825249,0.9706765454097441,0.28943952161948794
28,0.3187525029320699,0.5233909113743664,0.1133035047274642,0.46768121248487704
29,0.6258913764370091,0.11476887186921747,0.40360100236159124,0.6193899693665019
30,0.8859777482361871,0.860139693349435,0.7378849848346062,0.4111904758694911
31,0.6158631881823046,0.7228143032084837,0.7045544280274453,0.427486454090268
32,0.23295947475363377,0.06766836190000158,0.42272863689393225,0.3302846675020844
33,0.02440078155653802,0.7078350972297687,0.34652416795271823,0.564231816684536
34,0.8700988739009299,0.5435382173426461,0.39761237855287057,0.850574528015116
35,0.021269410850387138,0.08172534574677826,0.2642762631586393,0.20152837800631285
36,0.8747016726841994,0.45830064152865646,0.2053329387067998,0.9344330387534414
37,0.528937134027212,0.484696287130047,0.48303969755889,0.6890876537482297
38,0.9390676985128962,0.16577454016327575,0.2685337560676073,0.8232732126800302
39,0.7987832357736654,0.9456981470002823,0.2874616648972501,0.5561906926300116
40,0.9979341105333375,0.8499753714806619,0.6567560634745571,0.7795167014240635
41,0.35071181545171015,0.6690223373291083,0.9685373316998922,0.01620039733946721
42,0.7671882889311269,0.4622955610006072,0.6036372005593751,0.8183804247795352
43,0.40193091360924216,0.4117655415845085,0.07697946706496628,0.04013885908536652
44,0.47987562030390885,0.6509734671509542,0.07558361385406698,0.8899133763628625
45,0.6275054632183701,0.5454318694069055,0.951423220845566,0.9919627472386433
46,0.8736771141863388,0.062273105881885615,0.29729079030733363,0.2940674621767778
47,0.9840834691992951,0.5125026487703317,0.09206698608247543,0.21031855628579366
48,0.7682734138645182,0.8064036172328395,0.5990445871503816,0.7653633638580407
49,0.41776678216733376,0.45923987759695806,0.6236487782902661,0.2530263409202532
50,0.4213570022770702,0.05195657755426841,0.6485048201186882,0.8655623831722035
51,0.7375823015888915,0.7862781993840331,0.2674020278575413,0.10284259215747671
52,0.23877714576830233,0.2013637821359744,0.015110684214475034,0.12595519637935826
53,0.11047411313139466,0.2586208348880388,0.9650153694544719,0.9791515551006156
54,0.35462215764077654,0.1647063534322959,0.2508930456911025,0.6738388982700046
55,0.28723899165408173,0.33021506487149754,0.6760262880525475,0.8468872244289528
56,0.2963081204559901,0.756751505688635,0.7066298698787096,0.324329377351518
57,0.23360775104990994,0.5193858595039373,0.6100074170794857,0.6764837495206044
58,0.04209318963636188,0.20488127415071256,0.3129073942136482,0.5942418273085972
59,0.01787393473341381,0.8778300781520408,0.27109625376406576,0.603150120122947
60,0.9877223897360315,0.8795818549515292,0.5976682827027031,0.6825324595377216
61,0.42777313373586234,0.8705784250460069,0.8660956336116915,0.5753591731290986
62,0.3843266471596817,0.23879621138153928,0.9467337289233956,0.42906236930266595
63,0.6796472826930698,0.4512393441809881,0.10590580440375763,0.27592269438054684
64,0.21825388786506417,0.9849896561408751,0.15482861259771985,0.768581330913202
65,0.9499611839502253,0.7720124763099904,0.9447362587830797,0.2262724300031862
66,0.786345014415552,0.027167421225559818,0.7365352283347926,0.6923543061544142
67,0.08941100231225951,0.06520459126049205,0.8829938248297731,0.23333282264932664
68,0.41758077578492836,0.46393137681233276,0.20263263413534316,0.6253301699544539
69,0.8791183075621647,0.9092202058615602,0.5875858711094019,0.7470782671290289
70,0.9447320222914103,0.5387017979527142,0.7011395944174736,0.2187138889065392
71,0.4674015112498697,0.4978125080342902,0.6801118854469727,0.05994330086130828
72,0.6134113892107077,0.10547369995663058,0.4081516908666981,0.13097374299417408
73,0.16703394609207523,0.656780104724294,0.015394891691308477,0.6059969672710255
74,0.9911686261369765,0.8221031606002255,0.5829260568042631,0.8494464062257355
75,0.2316717013834434,0.38042000750756233,0.25310153917960876,0.04499682123542437
76,0.9427317741351257,0.7756118509253275,0.45025424614289034,0.7341512590416462
77,0.6496466489923685,0.9644766539008116,0.9575810150838173,0.3413186459500521
78,0.6077367948788591,0.2037664591276891,0.3990353176424347,0.4785283699195225
79,0.5126885110165086,0.5233296311947413,0.8398016066644267,0.9288595498455656
80,0.2306698117177587,0.28713795808457554,0.18854060574925113,0.33197150473584547
81,0.17652803200550826,0.7928544190338394,0.6724604980250288,0.46533693393948605
82,0.22048620907017535,0.5775933658811575,0.9770069544389435,0.013682414760681105
83,0.18643826214425452,0.6345824175503038,0.10189310087293679,0.08159872000483837
84,0.7795844735667533,0.7979141596158941,0.008319942227192012,0.258591591134784
85,0.3501252591667301,0.3959704726624549,0.43358279263261434,0.027852240821074403
86,0.05784267656339637,0.9150900684070432,0.0926254830513672,0.631375326048251
87,0.9691026301408113,0.53302886724614,0.7483843496762314,0.4263983568016225
88,0.8837858849634257,0.157954822835348,0.9145486638485589,0.548145202728022
89,0.927752283195213,0.6958991181688025,0.43402097270875883,0.17464718589632955
90,0.9949078226464353,0.7932613504382544,0.25871164215544096,0.2959320294366161
91,0.1738952492194873,0.31676167706752667,0.4344033190066098,0.6638244748527251
92,0.39624201890265875,0.857179256998753,0.723447817850001,0.9653027236303998
93,0.7582384757040913,0.9061432547657664,0.009054161580370979,0.0504167736022092
94,0.6960206180537922,0.2769044873778089,0.5894539894846972,0.8903843208552661
95,0.15389590633985506,0.9835214727152221,0.6132916848873791,0.5768812013112085
96,0.8158331249906178,0.14071152804875842,0.6376882468959355,0.5639195667556237
97,0.22444057183666066,0.20201566840248997,0.2420220799808772,0.5002785352077603
98,0.22381761482262308,0.18422483923802613,0.7140527233781268,0.06939408590418339
99,0.5369744228934136,0.8939897100078704,0.0913914863317764,0.08987685173616067
100,0.5929399348417032,0.6542925523249619,0.1992703364668008,0.6009120056590861
101,0.5800862078378112,0.15210428322227287,0.8774700466544819,0.3409585714355583
102,0.09148683739775487,0.440323418368349,0.7387231507265664,0.9172680665776807
103,0.8774608626303804,0.615298025069802,0.013745554011345251,0.40659053735947226
104,0.26560004258870606,0.08346408498938329,0.2483762603698002,0.14328145870264108
105,0.12951492128280417,0.8824163684073387,0.21440648299316456,0.714718833502036
106,0.8887480798689772,0.8036035354415352,0.2708063280369726,0.29335342144100984
107,0.9556514982297534,0.5052067735766382,0.2475597702798864,0.5254703073558932
108,0.8621276172654506,0.9671266152591704,0.06252629574284574,0.69783278550517
109,0.8095160747248781,0.4177609792750997,0.45894051659682034,0.9002641112020704
110,0.6552419806390217,0.9841103190364978,0.7327334747861651,0.7921911948016761
111,0.5508573706091393,0.6679199988036271,0.6067317247174364,0.6763610678727241
112,0.08698675991141014,0.6346712732539415,0.6728716685980798,0.6796331823951436
113,0.4084532130706987,0.165954895295785,0.08114917853623915,0.9459246440320865
114,0.372688517012314,0.881927758304644,0.9514907101767872,0.29582409749653604
115,0.2597537837603262,0.42748968792061515,0.8384918338430248,0.0011120941961874076
116,0.7234201136885849,0.16223340578247936,0.8050903184956627,0.2719545593981987
117,0.4958757350787708,0.01260751997575904,0.8229838050417675,0.217891379626744
118,0.08104621590764793,0.5597556836383826,0.9327105081327614,0.6618345851139982
119,0.22018320194981134,0.5273996221226763,0.5442539661136977,0.633711599765529
120,0.6832587636595959,0.7193536223691586,0.2002820178676259,0.5934613827047238
121,0.07613085949030018,0.8902580530178021,0.6167836078525412,0.0162434432094537
122,0.8512069140487687,0.07940658464302952,0.742881493667939,0.7287780544506475
123,0.4951465270139743,0.7314964903403623,0.7379173933540254,0.3235304124854915
124,0.480586577326648,0.18741194409758222,0.5214490241668801,0.6650559890066311
125,0.5924077846595176,0.858177053157164,0.06845871933357806,0.5565784285021533
126,0.8246809659251492,0.8190635138616561,0.3711129384301278,0.3427309254279072
127,0.34780920790219305,0.5407937549855444,0.9207666084633573,0.13457626710410775
128,0.6780161525590636,0.7102427986233115,0.584448909757426,0.09441889766048095
129,0.5657319639957911,0.3143501131837484,0.5383319432557134,0.8315183331122236
130,0.2670282701694213,0.47116789893281463,0.2688535143821935,0.918397542081558
131,0.878629986355158,0.8216368977104717,0.3684489199165789,0.6497880467642996
132,0.7974260216069281,0.4592651971732139,0.8953460891531693,0.10343411486048337
133,0.6584518346584255,0.3577982653254418,0.6664630475268357,0.4020272168882407
134,0.8505817290942419,0.4942124472502999,0.7873870267523329,0.7289392001051572
135,0.8672942009598024,0.8282492524372184,0.45434542306765513,0.7798208840100681
136,0.7083629767150348,0.33520804737087273,0.6302472194561579,0.1182186222910886
137,0.837013328363672,0.1737615931357438,0.24838360874320753,3.071884538241587e-05
138,0.6974714616692836,0.7120140203307808,0.7054608302834863,0.712137045880605
139,0.6801407717603004,0.8259782127080818,0.4276013337033373,0.35659617598620563
140,0.6186113782151843,0.10063747852353333,0.4425455148147456,0.25448133161826025
141,0.7527166395576412,0.23987411275594472,0.6493223245768817,0.01289746978952544
142,0.1586051052930737,0.1419719897609939,0.9362806214689267,0.5402994067614997
143,0.8808707591989284,0.3479414115821666,0.06400634660862092,0.8511507354259817
144,0.871843527745232,0.45035097890541265,0.8247432373470076,0.9576316462725879
145,0.029247283034559146,0.7488263369633065,0.2923831104121931,0.5657449506132892
146,0.8258167505647627,0.6511475848816741,0.4439194545063778,0.5144613277398942
147,0.1288698674734452,0.6209285674784312,0.021913328775008956,0.0850563854892411
148,0.3351188542591419,0.3523749466096544,0.30104607783431303,0.5488728015425998
149,0.7435082562916078,0.8414475530847599,0.5026312426301305,0.3799790789653946
150,0.1607598960483082,0.47128716739816456,0.05617607734743901,0.6071352808835769
151,0.8179670241190622,0.9791049380151545,0.49109572938316515,0.3887263478765467
152,0.8321341779577419,0.6341421382957368,0.9271106288584273,0.24029912345036675
153,0.5074677337608362,0.12626474156450274,0.10539321810780522,0.0949652752283765
154,0.00638587171683358,0.676177562075434,0.7644407280755043,0.31491844458889573
155,0.2870381331749128,0.325104015431699,0.40967105337599263,0.09664483428775228
156,0.6169269183757422,0.6863271966860974,0.655173714524338,0.17689695082398393
157,0.9811861780274235,0.06964114816240574,0.26023659798522936,0.9873361585795459
158,0.6318135270166684,0.1748814371759594,0.1594922625413583,0.4441035569066186
159,0.2598035810641598,0.8557372589057863,0.16046261427122643,0.5318717665050166
160,0.6340057030996114,0.2271795570235149,0.07049194564314465,0.8736185287372153
161,0.5399853797158555,0.83704112524294,0.18564670490124302,0.9955689004906878
162,0.7798453951511436,0.27927608845441043,0.6642193849889683,0.5827144493446815
163,0.10698063882695841,0.6428819100587077,0.881690611843508,0.8124738210441717
164,0.761027902502028,0.694150573509831,0.8141256855911618,0.32694102433667527
165,0.5412665786761103,0.5126547531450529,0.6851343098744841,0.3057439574472911
166,0.9629920038589946,0.3053106766967313,0.11043186341110267,0.4027037209945602
167,0.3418721660386861,0.21264437637109612,0.28918744629594983,0.6725072626736491
168,0.6326218931339481,0.03318935456242622,0.309806875322469,0.6821916892550988
169,0.9320281055100175,0.3039464012407238,0.24995694639762123,0.3152394346494508
170,0.10250972799067926,0.653162790531283,0.5150056597097231,0.1332099241366287
171,0.9372284872364511,0.9383048184484827,0.5355538148796726,0.6323962564655086
172,0.6878857223008134,0.871204482263052,0.3568859751711102,0.12832586218876452
173,0.0678370591051719,0.7660647765353026,0.353789158736436,0.5784925082293301
174,0.30096356694681625,0.7884473432532987,0.8285555979060814,0.693422128056309
175,0.7081720886452816,0.6649849034759953,0.7892928483196856,0.7006114963944516
176,0.0673506014687717,0.260286857566003,0.30779583168074565,0.7534721106595967
177,0.5821704601762733,0.9071950307058299,0.9137884438732593,0.8728594215656645
178,0.34588305695295674,0.670732311905834,0.952815017002506,0.49995899196478844
179,0.6209155177674771,0.56044063098044,0.32674254203004083,0.7302491895295712
180,0.04574203381251285,0.11098946921348107,0.35442494879305486,0.6191727353658367
181,0.8715368061523763,0.4470555438064254,0.5056341534219588,0.18663993979768256
182,0.9734889691773969,0.4603582712019263,0.9411208125336735,0.025689644869408168
183,0.9688778552856915,0.86456360952267,0.8763194331423115,0.28454138567693377
184,0.7496518317429247,0.5466482201877885,0.1025679625835898,0.4430337063376194
185,0.13008624013063197,0.38040054897040965,0.3927307432714162,0.6171059444286563
186,0.7582631959290226,0.9768003285106593,0.5533711897497718,0.8499593305032054
187,0.02458691645880151,0.11072059332631567,0.50313247255154,0.19624571670616564
188,0.022123551528997254,0.4225484283119446,0.19386306793689267,0.1255497898984771
189,0.32361021914954125,0.04202467517140529,0.8588167711681547,0.9634799474743275
190,0.48864319040466575,0.7399041207669304,0.6769407829968374,0.10804455937640711
191,0.7704074178077932,0.9180765521991506,0.8379083748518036,0.47849107010718916
192,0.6832953766065052,0.28003732955048943,0.8587642793494722,0.5855637287933019
193,0.44590270637674834,0.8583416767991209,0.7483558536657398,0.5413744209074383
194,0.2736266662816659,0.29221823046189777,0.43921060124971734,0.0860321570329432
195,0.9971245001577111,0.9107701616439152,0.6105467550154245,0.05702691400361937
196,0.42618130223597295,0.7539619035967839,0.16036540611974315,0.10548342746103567
197,0.4513870243296755,0.8049067768414386,0.6736454174749077,0.5855876838726125
198,0.16362382119166918,0.0180065556004545,0.17925325573928075,0.5443448876343211
199,0.7948095487499294,0.962810357074026,0.6939495905101568,0.23374079203674425
200,0.6936822257814886,0.7266709920703233,0.22959816075396866,0.6377741418455916
201,0.2207696127887604,0.3047510953861333,0.11755130015021997,0.8200675020556494
202,0.0823810456158427,0.8293946648588469,0.16528449014295743,0.041578959846593766
203,0.6804993020747131,0.28152119841492995,0.001992135219070268,0.4981299435480424
204,0.6545112142811352,0.872753839566128,0.7187396178535302,0.6893104121026903
205,0.2732595269982093,0.11258039041193701,0.7324010490583791,0.2523119270696871
206,0.9508635622504104,0.7036859774607958,0.5149333499132595,0.3077709052931491
207,0.15105789178090023,0.5406984766449103,0.1613628010553837,0.6136379029893838
208,0.4323348010426019,0.09653447019544081,0.08355433751068975,0.8979352934437369
209,0.9436159201675989,0.24189382825883898,0.01912896643728701,0.8099244203028994
210,0.4197273169261223,0.01240403627731479,0.1657481769652207,0.5831302190995835
211,0.6385259476640855,0.46876796546450583,0.8908555349831467,0.7302217177572492
212,0.3975943979627943,0.3012652607600004,0.24153684170168177,0.3648224702077987
213,0.27421520234867003,0.5983574842977588,0.35427132721721566,0.6409655280987577
214,0.9839776479598282,0.2972378077086172,0.10534548448133318,0.46618159112755697
215,0.409334006315043,0.2999191115069847,0.22236130474817029,0.1899361364575609
216,0.8940992036791344,0.7431931987316034,0.5192245707802051,0.7017382738772572
217,0.22995460589108618,0.04814283597835345,0.6077526830956526,0.556464637348822
218,0.2131047040250833,0.9028949951919872,0.24535231416621106,0.3586215819535914
219,0.03113408288451136,0.8522638743911815,0.05773215922511721,0.9113391900786307
220,0.651666825375885,0.6678046832264065,0.39103286912739865,0.020934117826733267
221,0.36852634372376114,0.5932215701073843,0.23420337092633414,0.315773151249496
222,0.864358249839637,0.8923024981396522,0.21955392322980194,0.05688139777764656
223,0.47320990669155716,0.18533017952871444,0.9598628027134553,0.7665273162216272
224,0.9681934279147217,0.07896916219082861,0.6163004859257241,0.7021074541137926
225,0.18552551570312115,0.2395101699095381,0.5568784431720959,0.33135221873631704
226,0.8686231679556108,0.7945782787001903,0.4157751035233219,0.675662902207073
227,0.7765968527917417,0.03467026672648332,0.42894433343014426,0.39593722619594984
228,0.770921844644052,0.5828068350834896,0.5409050038380808,0.7562537914224343
229,0.8447832281168877,0.9954375161913099,0.6964298070361072,0.4541836627367061
230,0.7610239909429989,0.8556960938375394,0.7021460961818294,0.41227972783166555
231,0.6262203216314154,0.5214456890435895,0.17169390770544957,0.934729915488301
232,0.13124487768238757,0.06364090928664234,0.500112752076627,0.25087909989070023
233,0.032526179491251916,0.8313735143857098,0.41195809503410197,0.12044733999656543
234,0.9208478478156868,0.5989785081772105,0.8705269662693842,0.5845431132594582
235,0.616650314520738,0.11493299705956683,0.6314189212183764,0.9693218122841789
236,0.7965372909761763,0.0938572848233562,0.5325040664159818,0.37783921372718665
237,0.4815223515125501,0.9096268194365924,0.11539464217891737,0.06203676362878152
238,0.11730818896239448,0.6692002629380784,0.6056378893234114,0.33930526730956745
239,0.12518579220255044,0.8292867993167555,0.11720390568023342,0.5059316543195584
240,0.6855652872289714,0.8789789002822673,0.33720657556575206,0.1619230066322137
241,0.4303058948994627,0.5717723520483222,0.14284196481433187,0.658102218056492
242,0.20052472670033672,0.5174463517550413,0.6920736470243689,0.9977493890102006
243,0.4915945467414369,0.4304274103209902,0.2062521138361526,0.4517394759814438
244,0.06420893707513409,0.3169465877911193,0.391859373188026,0.35472855673021264
245,0.5819714019143988,0.43459596085871177,0.8956747776187787,0.40070416683446664
246,0.26899340443509767,0.7738796557301564,0.2043163833989703,0.11514617839520114
247,0.7975591006371882,0.6019234310151316,0.5078050639587791,0.8832736014262238
248,0.31036195892357377,0.8925232899548461,0.419271661166022,0.414825655521352
249,0.4552201490818012,0.4433800143791877,0.018124041045729733,0.3872744114248413
250,0.011620539908100636,0.607089578718754,0.7927581135728128,0.6596902729304743
251,0.07244688779455888,0.6313075530919887,0.06904590631459973,0.4420334209311235
252,0.3924935564066848,0.5916971623063255,0.4742550209769536,0.648233468807846
253,0.4799388347171235,0.7026337730855163,0.5606782949389499,0.061446290130787506
254,0.6000205481193037,0.23743346837480628,0.6284264566145871,0.8137233437222274
255,0.29166257870930323,0.5123637775457907,0.6886316293078756,0.9405039528794026
256,0.6949818861265425,0.10422480280834767,0.2532723835227151,0.648765386159386
257,0.8601223971892046,0.38451132764481255,0.009978776658449373,0.9545659288588108
258,0.7798509888933498,0.4876670686212644,0.723443662354912,0.1514323143699633
259,0.039618825348357145,0.6522242595454725,0.5356565993475786,0.4774161894803537
260,0.48050694725782894,0.9505310525862035,0.8361177032072488,0.6018067339454473
261,0.10493017841817487,0.6006510665483559,0.8213883629006943,0.5817366474211867
262,0.24204501586252747,0.7435939161765598,0.8433261677878832,0.40146177908904324
263,0.9866625932671464,0.5062660594952028,0.48509465997954015,0.3380844093662614
264,0.14249554290151323,0.6341040313763313,0.33362839583686565,0.1268240225504188
265,0.49888815345135606,0.07093221613377343,0.79155820259137,0.3917424505622782
266,0.6181557343181191,0.254391580841847,0.45129411302925493,0.16266081510548513
267,0.702464970544104,0.3618530932051387,0.1834421964034345,0.7343656764922184
268,0.5596486834869141,0.47249335500651357,0.8549740195614743,0.20883093549458998
269,0.00977084741918366,0.045648745502383736,0.8825598767723473,0.05856530528453385
270,0.3264613082439919,0.14002409755331768,0.4663097561401701,0.5523661378172343
271,0.5177116433847114,0.2768143077913058,0.07569972730978747,0.5952297327194016
272,0.08786649914483335,0.9715326909010507,0.38782608991693124,0.8719130612805055
273,0.35062693120918076,0.33134700710305076,0.8035376594626034,0.5769816124176819
274,0.033203108791366565,0.48204105811208253,0.9017740285462287,0.3454808537234457
275,0.07857849715502074,0.19609771273839294,0.20347274249759584,0.8030118815263205
276,0.39692327620159606,0.6107800710757683,0.06697361202527152,0.5402788931874211
277,0.13271575404306035,0.2806832155159743,0.8773504531328387,0.07928028463119174
278,0.5675408482615582,0.20699257843842678,0.3894049389788753,0.5658505603132467
279,0.6894649691372657,0.5165726284459791,0.5417609642675633,0.9080185454216624
280,0.8005866991090829,0.005505799160420821,0.9680658120507589,0.39631262549822055
281,0.2001502442448101,0.0076640326492253275,0.06656472791422285,0.29632580189980007
282,0.16748258225906976,0.21906880910185778,0.6483180074520956,0.14346945701802005
283,0.10456784033440025,0.03672136250082114,0.07410542257486707,0.15144552193535732
284,0.6364302495436367,0.10802575413069138,0.3754689284665004,0.4327714843418189
285,0.7064757264869012,0.3388606493387516,0.8038145451934468,0.5956798241615295
286,0.03158614482564204,0.8025856795798129,0.4334722327556344,0.08061540516960175
287,0.9362122462436898,0.5720486433693008,0.9971823539029504,0.9395685890251657
288,0.05197128365147241,0.5126677259564164,0.5590592849466022,0.7551336174451959
289,0.5412963353010705,0.29348882320812164,0.3211621526359535,0.5866239182836627
290,0.7090605194509164,0.9317537194328164,0.22011132590475313,0.8284386709389908
291,0.8709691237460856,0.39701504123719167,0.3505205342861618,0.08018675681211329
292,0.7140869321324278,0.08709276679577149,0.3725332737595508,0.4768388777331244
293,0.8017280830697918,0.6170665161178013,0.06871367772396098,0.6300931268616634
294,0.33945019254280606,0.11383839347660141,0.36957419942677316,0.8286529061182892
295,0.8148251137465122,0.3452231428016921,0.4642385197392249,0.7834695600492677
296,0.08011484638467514,0.5074119387178089,0.7227377522388047,0.27706924971339963
297,0.8948166560605276,0.8742225246851758,0.656729484721608,0.9408801695592043
298,0.5475923761537362,0.49354658034011867,0.7087656552291542,0.12434584143087035
299,0.8172977699624937,0.7022587660316643,0.008363681876857099,0.8751336186211521
300,0.45231828451830014,0.9928168389990704,0.21766739958053605,0.9709402496046186
301,0.643577695196525,0.13148911989798162,0.6616842883998565,0.17715352322262556
302,0.5264026609361132,0.2747315255195195,0.48398936817974714,0.7220660642037853
303,0.7315895217553319,0.3945760755976464,0.005313475668345946,0.040285518777998464
304,0.08162998203058958,0.42182817853883137,0.8044946424318223,0.40542282513915495
305,0.0603520839905638,0.41102107526554577,0.7728095732903374,0.516283299197674
306,0.24710323401014644,0.9076110025565549,0.5484191629935626,0.5806452259096341
307,0.15954468011318834,0.7140326444668564,0.06646332577627212,0.9359372482485595
308,0.8717835665922017,0.6079052140907037,0.7665150495325846,0.6722506872941947
309,0.21921398735804432,0.3093727178627821,0.583713587731364,0.481277951219237
310,0.9758652558191313,0.8237903842212947,0.7819599771579592,0.8096750362658893
311,0.33689579177110685,0.9550605114849889,0.7517469923958404,0.9505328209544089
312,0.18211791568869928,0.8211982825502265,0.8030020719578371,0.022066148682290843
313,0.7896985071424791,0.0015651051914729042,0.5180080664046248,0.9825212722560387
314,0.6587077755008761,0.636401370183407,0.140324518193515,0.08613213906368034
315,0.498195716453139,0.051135381442100725,0.6711574733796887,0.8143867792687614
316,0.5553635509376312,0.25760722033372185,0.6204737850519706,0.2803347525514125
317,0.7192017782722638,0.059524700347771686,0.7422531871990872,0.13217965775387175
318,0.22845474133129873,0.6037954529493877,0.1698810060507353,0.4398556397138349
319,0.9963339160567419,0.6865899134926068,0.19497519990028922,0.6439565794476135
320,0.9747931621467831,0.11448763806590512,0.8904095172193285,0.380951845023475
321,0.6503256863469369,0.3838388830449795,0.7499777984520708,0.05456540828269896
322,0.19954245092914513,0.456236508955542,0.9082284887003229,0.5994611396587166
323,0.6802282424312913,0.3690530217609166,0.7587153211639207,0.9024032761106747
324,0.07219840897917584,0.12102500048519305,0.5971553059903019,0.3832153659472517
325,0.030652502205806065,0.4189477901874754,0.6541327370278737,0.21633277763082703
326,0.2576828885112137,0.7511780478084181,0.88912792394001,0.4425773459328154
327,0.4626229567393163,0.07100766453325547,0.5788067545119405,0.04836271104878087
328,0.8682725054083805,0.08018001408190345,0.6323913243283874,0.8204875844802748
329,0.727169069766308,0.3547712918359842,0.15647671600360058,0.8263408109501867
330,0.742706521199981,0.941725711618925,0.4739212201161027,0.5880004634296284
331,0.42549333444807536,0.668572646722914,0.716397111958099,0.3531028889383895
332,0.3459349925469629,0.6786699566725648,0.2709426983163654,0.7997833644457834
333,0.3710387629846027,0.36191999083786497,0.20225418052453492,0.5546870247883672
334,0.9876495637360578,0.5936607912085384,0.31382680822441555,0.8259323085500162
335,0.04010919141248248,0.010131184027743378,0.24150062799283345,0.6314587925830206
336,0.8670314961224486,0.6360960464095422,0.21491263703639585,0.7844054732127973
337,0.5786754085723934,0.9132869475762367,0.42485084286808694,0.59856299321776
338,0.43861541918959046,0.6125734683448192,0.9078385138835341,0.4141410682156662
339,0.7252576604151365,0.873698593466345,0.5070596467387183,0.9579458599261376
340,0.48666894142470285,0.7239730554660938,0.18792038081532303,0.5411138248788447
341,0.8734232380816606,0.12055841640369025,0.07697166938087407,0.6050895185405384
342,0.9007018640112585,0.9024533072858417,0.6961561451379252,0.22048763941474925
343,0.4217209268734554,0.06644384435577488,0.38279876443638783,0.6256507894272765
344,0.2768277972350516,0.5339674725477638,0.8218309465853593,0.5716076494829438
345,0.5923503285933622,0.14213712379345766,0.6595107686407702,0.18483839794702495
346,0.912363345616691,0.011706610730904066,0.7962414505413685,0.059587097353143714
347,0.21066218900566658,0.422034260127639,0.27194603941844875,0.6043593197147711
348,0.6229665835634828,0.29504070765415624,0.6923589224610581,0.7636922693503205
349,0.6315602200925206,0.486000493797603,0.2640619846937188,0.5234013709220082
350,0.733113022415281,0.5771998867345508,0.9390684794502916,0.2267726253196457
351,0.1315676851272598,0.04373907230894736,0.6363742815333744,0.6665219766930349
352,0.7158249646820886,0.12300329512374564,0.3245118001753421,0.08010572660960225
353,0.909032520665641,0.5586423964504253,0.26951186229227264,0.4418337048019546
354,0.17968310887024197,0.34316735317265823,0.1909265850716435,0.1633667583984202
355,0.23754332492387764,0.729173487549448,0.6946409588937278,0.18445905105988336
356,0.9713950940416396,0.6522916485919397,0.2187156129979273,0.20229394915820365
357,0.18097695270948977,0.8456043629899068,0.5953032659274891,0.3867070570439779
358,0.8543850933695791,0.6924928266692253,0.26463502692535734,0.051150205620397626
359,0.4922778564480348,0.42993107739014813,0.6619689447938686,0.3977934409290982
360,0.24723107440317704,0.6729666223944324,0.8149397285405392,0.5117074471147008
361,0.8707499012725114,0.2753811742554185,0.7780252431446532,0.4832942849663252
362,0.4453052550026655,0.3063134987782127,0.7608513309307817,0.38278410040304056
363,0.5148173539296902,0.7889851599207933,0.18772240569225207,0.8391466080707525
364,0.3592333693997657,0.4464195164015822,0.08838494698451871,0.1453266924205041
365,0.5929508514349274,0.7983803405183525,0.6989488284873856,0.505696743781374
366,0.16352387258502277,0.8224223736682784,0.3683472137943513,0.062041416956554296
367,0.3910815366517607,0.8575623376612838,0.4323462264033473,0.07115567887790974
368,0.9694123223352875,0.9166352358412073,0.031149092793391064,0.5738658496770963
369,0.25813343270112754,0.43098522051329624,0.2595764492750492,0.566018424887821
370,0.6567366645412922,0.31886681832113883,0.03367640387446402,0.878033512844457
371,0.3251900642246949,0.5821987465941139,0.8791857726012476,0.5578736756600732
372,0.7734731256866006,0.3711724234376276,0.24339668321853047,0.9597910204048502
373,0.13087366071834983,0.601074166800233,0.557337169573008,0.04869484839992977
374,0.9698210450785447,0.7055858626438246,0.03897932066113041,0.09800768478074107
375,0.45378954138363925,0.6884050184921369,0.6668473913056581,0.04406586157038139
376,0.23605046334646396,0.37455288702012135,0.32302734575409386,0.18527685033354002
377,0.07349674733001266,0.16686020169875282,0.8979191869576658,0.5412701109416781
378,0.16975790508754074,0.43052933846220753,0.8881181889340358,0.645572181427428
379,0.5197739485560177,0.14259414408190874,0.3252906183617478,0.0455851579486688
380,0.3370031764312863,0.8900970351838083,0.9009608956904679,0.9459708898455993
381,0.8288833658826095,0.3458774607378574,0.9961576734987788,0.842165376650381
382,0.43088752366180594,0.15445974722332378,0.8254156641239481,0.2966124821570931
383,0.2487142725876299,0.025447759905750877,0.844871347755229,0.07718753022646796
384,0.61714498660403,0.6458223862864843,0.2490087361090899,0.16988707321905727
385,0.7067772168854458,0.6369023174547432,0.5767023988577563,0.12694441375497267
386,0.16704190790094986,0.34060416658129167,0.06725591396736785,0.12328377929894685
387,0.16761921628831766,0.071711888847651,0.09491793682166971,0.5185616886657339
388,0.03667142693354297,0.409628894895232,0.9988926120332906,0.2458474424934003
389,0.7364020150656405,0.3112174950633936,0.32663924942591094,0.35813971652914445
390,0.6638045276218051,0.6771206397350094,0.7481839120488464,0.9895053333843224
391,0.4746308757498139,0.6057792494526903,0.8066650530268165,0.6843142489253448
392,0.8441704489691971,0.36459372819754,0.8580232710072292,0.9489806670470013
393,0.8056701529500532,0.2178925542549901,0.9976282974021565,0.1425565550331156
394,0.5853543643967521,0.9880359661555919,0.24149648525686784,0.38213947483256927
395,0.8682712805132586,0.45400162119611487,0.04035082685969971,0.5547318032823543
396,0.20584121003676825,0.688274235780237,0.411191517994586,0.07675806188873802
397,0.11191961939772788,0.14055296757836078,0.13008066982894695,0.004187443627957865
398,0.2697496115169896,0.4855896996593978,0.022425889162055124,0.6704343337969175
399,0.05708685608931485,0.027536719869465487,0.3604268271414861,0.6418195168014353
400,0.531169528001032,0.50545511791045,0.7837382510752364,0.41078880999961176
401,0.9366056922949615,0.9640174071177023,0.5661806912250709,0.48964407603203264
402,0.03934354066850965,0.3842067129858002,0.31277798921035405,0.4154430005920896
403,0.1221099140100268,0.03899601257491159,0.6543420054927197,0.024005044844888856
404,0.4521990282834353,0.03095579091934353,0.23201818030881072,0.3353716062174624
405,0.9338750175279049,0.3879867599468695,0.014381446072085025,0.17708225539728983
406,0.3161561049767505,0.16002493646319405,0.7643533864364274,0.09842418910136874
407,0.5072348086883924,0.023352096328185912,0.6237430848640091,0.9567204338893498
408,0.0415728590503921,0.7562136139501768,0.76230262450096,0.5993597250421656
409,0.14834320096208886,0.4585230088818907,0.03893801668766561,0.7286562842366027
410,0.9866301229588469,0.2892447719726545,0.8371196278306522,0.3153637432661175
411,0.9651186964360455,0.9000831830164807,0.6195262000363033,0.3931471294940152
412,0.004939980934409616,0.11613896020052561,0.5633953507126401,0.23692399389672347
413,0.951811785423239,0.9559188289553192,0.6246140481145316,0.09696567096542474
414,0.6391199378155004,0.3139667173773528,0.8644332468683641,0.1790316374415838
415,0.8679182945200221,0.8884036723086812,0.5869365065589071,0.7975140452964858
416,0.4547398556338591,0.6029428764794615,0.5809503798881793,0.6775458051837758
417,0.5155960285792502,0.8267073597414875,0.9906791570657658,0.5469288759854769
418,0.4888465802569202,0.9840131632104643,0.756730167068568,0.47508987286676807
419,0.6668642575461043,0.2884054378187457,0.4422938054511353,0.9224342836561245
420,0.1396512547563129,0.961135485407593,0.7073970000329277,0.0727349477786684
421,0.029973589872677953,0.38948189490242036,0.3892304716917885,0.28060081323791597
422,0.3079299415911909,0.3855119047369223,0.228875462483499,0.34993785357071405
423,0.7046807627366467,0.3403871042545057,0.5968518768877594,0.7824258122127878
424,0.20185345212294836,0.5414076073475852,0.9281820981139515,0.9925146201619713
425,0.6734324333249173,0.1541450431784871,0.9291395200154627,0.24067051475715306
426,0.9699120461072704,0.5537114853580112,0.3419052781054903,0.8743073341370806
427,0.09390071578941839,0.541704812410004,0.527677466221695,0.8306227604317913
428,0.6726021182251263,0.76190181260487,0.2116358985698612,0.22465739764176662
429,0.44375021930457115,0.8336499619375856,0.9956311094988834,0.3993325801992226
430,0.8681422543775054,0.44044135031242404,0.9811179078679357,0.4096728692925191
431,0.1771497894473859,0.30233324935149375,0.6495089297074473,0.9782206685265583
432,0.6926259522261645,0.25933489731709447,0.8044140596774734,0.18089190137889832
433,0.8381152896481102,0.19462383670487193,0.7151001612837,0.799157971104782
434,0.9446142194740232,0.05764758219902488,0.5931582190394682,0.3341927141731099
435,0.6832480282896458,0.34244797883471334,0.053347996988897695,0.7308703457761604
436,0.4971747640084273,0.27024769213078326,0.45476434255266107,0.42001100429566285
437,0.6178472402012138,0.9664173858664074,0.6747863021674105,0.57835976311654
438,0.8689049844787182,0.5577088262500439,0.6775316138836847,0.8326117733261311
439,0.5706097466388297,0.34727703903050755,0.3731226184223836,0.8041655649838841
440,0.03038705969683686,0.580467600993696,0.9416919866580306,0.8664231835397002
441,0.9309486955069778,0.1391967013456955,0.167357032236781,0.05961732534465902
442,0.6895267510315611,0.4440437492022029,0.5003594462155606,0.6920505530397448
443,0.6765133857772465,0.6262343214210638,0.6908839765508228,0.13998737672176287
444,0.21567515239771717,0.4888978317924514,0.6971358058918092,0.415818568018411
445,0.6588854702326572,0.40177880065432425,0.6486389567688156,0.5485884150546885
446,0.3938644056541585,0.9938483888996982,0.27528821345186016,0.40273948474683074
447,0.6512329770414921,0.880314762148927,0.15620656868662197,0.5196116758030075
448,0.10659303030799072,0.6234059581594401,0.6359403268267109,0.9965263087986191
449,0.657845304603036,0.5693773611822828,0.5993021161394377,0.13521731371285473
450,0.9994137257706666,0.620660479824584,0.17935601028924097,0.6754560453364256
451,0.04821203886055603,0.20131210782243325,0.7051391455705633,0.3960009663856152
452,0.9771741842213173,0.3951377432643186,0.4551719917336564,0.13300979890732878
453,0.4069079607228706,0.03945953289089932,0.6677605916031529,0.15873676337430953
454,0.8707534503372591,0.47554603748682667,0.8373670797701507,0.9492731062456169
455,0.7823854840582735,0.5430245839576632,0.16972842857692316,0.879601496711762
456,0.5670162609866678,0.2277497361032096,0.01914486799683668,0.9070419604150218
457,0.7384492092513265,0.9640288471655137,0.7791025863957868,0.9915327758273865
458,0.8785155613013479,0.909454610937242,0.6096974251526159,0.20831539000851795
459,0.404140321651033,0.7221432354559059,0.6996395696221217,0.35543933736406175
460,0.3270331615632387,0.5333866287653626,0.8381549749886426,0.6692190299248667
461,0.6675933855635847,0.869969159647685,0.8028109348245005,0.48380253986064725
462,0.8078459419412586,0.1306523438234629,0.9609201469288247,0.4183895333783335
463,0.7622851347766157,0.790509794274885,0.5359350788521182,0.35781124933559305
464,0.7978136488586345,0.1248208139668483,0.48849563265990537,0.5937806319434522
465,0.435583314812933,0.7942106625494054,0.4018871998907301,0.575593428640082
466,0.8178342161750216,0.27576756825135695,0.15369104284420454,0.16145783406424008
467,0.12020905537060844,0.8770905810181889,0.5726072328820224,0.47173983751843906
468,0.5444890979608495,0.9440420938253978,0.2770125243259788,0.5534717762098499
469,0.0057586604981215705,0.14879596940511564,0.9213075122129755,0.5702869387313905
470,0.3245858299002703,0.4626756050653935,0.5831908042770976,0.2101071929123518
471,0.3664615348713979,0.9809873781626851,0.5928401805081102,0.7422713922522868
472,0.3961726916092554,0.4834074359731466,0.35492466087701,0.025199094821069634
473,0.6954672066898622,0.8635475225145451,0.05198935197770749,0.35483185554316266
474,0.38855810127034573,0.5887315221313199,0.03174376537298862,0.7802126485356335
475,0.44869362262253065,0.37532990791960186,0.4233351441531975,0.5638929210554023
476,0.23754413087432746,0.2857835555258702,0.08456537809723785,0.26116243251086024
477,0.3732517916293401,0.20322309108608727,0.6068469555401391,0.6949531193430477
478,0.22726962726315147,0.7617981913776972,0.8809730056396574,0.5673909441560734
479,0.07319592376844364,0.3865405068230279,0.8829148165187222,0.7962436094563872
480,0.6034485933813779,0.5112754622007512,0.6590454101322324,0.7350251861898234
481,0.6682127985550163,0.4923254800011819,0.211231831472931,0.6101079220362347
482,0.6194903460096145,0.5772790292331312,0.8629968313588721,0.488177675310814
483,0.46349404380057235,0.8655771456245522,0.8860934353132082,0.1331821256675234
484,0.3797857801792298,0.9807393435834294,0.1966535849529587,0.26133301788538377
485,0.8633336495718252,0.40758420857381694,0.7374260857706773,0.41909947291708527
486,0.519081785136218,0.8275189221063031,0.28651954892712295,0.5992992870063887
487,0.47918187762973097,0.7645277946547177,0.8026403123529297,0.5137078552153048
488,0.025642065806435688,0.5735289514555733,0.9972378999036027,0.2881845259595295
489,0.34124782762615635,0.9560471436119331,0.030026005329392813,0.006464357789710551
490,0.38019561878585706,0.20047451552840279,0.8973658657909319,0.49623922190081393
491,0.3988227808969005,0.10926421030962141,0.622630533598658,0.2856259885622431
492,0.5801723692273323,0.8539619669554221,0.9733826191648212,0.7346083007105351
493,0.5336025467268785,0.4391498166337483,0.4650095175264276,0.02394626527048349
494,0.6079050927934446,0.8469688542070605,0.8473879305713737,0.5848278113057909
495,0.7648832615421283,0.8930902051954149,0.06239406859827723,0.9414742375060654
496,0.8129857387160935,0.06245759361907144,0.3352790500782957,0.1744092671114995
497,0.7181230762264944,0.8834647629860607,0.06701653775120997,0.47164949075059537
498,0.9555236959549347,0.4483190553694222,0.9753431334790705,0.09142199181713817
499,0.01823258267636163,0.5104324890042322,0.8169739072718367,0.6256819122613526
500,0.1957779856835461,0.6265925110932102,0.8525474212459705,0.5505316805962256
501,0.00756287497814212,0.9263826067300868,0.9379652314338942,0.40736552421283234
502,0.647474714154603,0.01911609442976403,0.08510348611978535,0.5213770214737412
503,0.8980305489499869,0.4768434683178171,0.38559759251333336,0.8965746584690102
504,0.24348229657629927,0.6877220424305607,0.07103488904400213,0.19629430231106704
505,0.9270345447963066,0.7227069576982285,0.21079310155002862,0.022564511705347234
506,0.06026739028956085,0.692532431537108,0.22936577703767236,0.861664884699101
507,0.9344360268055143,0.13443512940812186,0.4691072110475787,0.5771170823879065
508,0.3516226872396344,0.29939558837168123,0.2685621674536426,0.8906584554618424
509,0.10142082844921652,0.35871552541701346,0.10097810681776109,0.5969452234131726
510,0.48587175918632564,0.804437207679505,0.1674910890941077,0.8101610899597025
511,0.25677656772050794,0.278759872414553,0.14727556355209093,0.42967336335514794
512,0.28487290196192283,0.21070496386720317,0.9730767979122983,0.7498599312882688
513,0.3072899649262866,0.9574480190380962,0.7592925069184736,0.913041466889856
514,0.8030258978326634,0.0088632851134689,0.967761465269562,0.5721229637222063
515,0.5391612766752545,0.9978208556819782,0.43974048650790853,0.18078515056237954
516,0.31130769915600365,0.6768212988573956,0.2783684816626566,0.26879761503019817
517,0.6103337833109184,0.8284692994491171,0.7982931972091867,0.19864457689740578
518,0.7161506742231936,0.29461939634619316,0.3262539180411468,0.24685702759573291
519,0.27262400073353377,0.014315277667059978,0.2993833737053483,0.3064154493510364
520,0.4135491015253515,0.73786951856153,0.2325059922078312,0.5551337867531885
521,0.12188609333694755,0.8341445970006758,0.12967897822423535,0.5879916294638328
522,0.18114934953468032,0.7404761319535191,0.25646306101676597,0.4264997472418611
523,0.6811178539649828,0.1428502873008386,0.3553197484738877,0.6154207798208354
524,0.18143834769562694,0.7534279222569691,0.6739942081457304,0.08157492561136592
525,0.5251633836670602,0.768922782107641,0.06256484221945158,0.08778823705815997
526,0.7090462617224327,0.6585405156700549,0.21050693966534295,0.17182946035765845
527,0.10687692309474384,0.7661159327955862,0.8090236402916764,0.5180774980403448
528,0.5673122196289035,0.8459214396777321,0.14692192358377076,0.21399467869831357
529,0.25656278370136376,0.6136041142374584,0.34264514652252154,0.28328440349257733
530,0.9629268752375798,0.08860471396967906,0.8646589218581401,0.40031283617299407
531,0.4835456467199247,0.48762780966721087,0.15492531114344266,0.8118661240103798
532,0.8059925497751581,0.07764933467160506,0.0827368356181899,0.013862135912860118
533,0.5502265421562618,0.40754303103243084,0.48453799508001083,0.6493788202366224
534,0.043412532854819164,0.40710648912562764,0.3024195112785364,0.6688765310406853
535,0.6331513755940223,0.06600984414024158,0.5634083644838541,0.7986557803566365
536,0.951403342206657,0.3488205339694793,0.8038048904834751,0.9327529390603132
537,0.6016118201463312,0.11099809879131484,0.13714848815274316,0.020137848949289827
538,0.8191888594267902,0.8082352100092222,0.580699084554285,0.15378370551321618
539,0.8842064633484078,0.9476880259644708,0.5055087603898639,0.886171294055993
540,0.22807977194893247,0.0723164752579386,0.14407878601319957,0.45851856218701537
541,0.21204483990822665,0.9551152072917014,0.6239984855289824,0.5645906389334635
542,0.6109809888509917,0.5225765993367452,0.27364041786077165,0.6630272037231474
543,0.4110284698067047,0.2995656779538739,0.4878343185440125,0.6790666044956374
544,0.8398613028667203,0.07686207527616351,0.08227232427706188,0.9317404033165082
545,0.9000231233980112,0.5006242680704178,0.45958405721362305,0.9969494174116696
546,0.3534213793027181,0.7945155444907487,0.3064634680428203,0.7201574609309402
547,0.23687055897448206,0.7070864772666982,0.8223812111853543,0.2872212092051508
548,0.7805255152438618,0.05022601146397376,0.05697872699736828,0.8797524022943436
549,0.2748060355481361,0.07290183536790351,0.41860727491832994,0.04922091454076161
550,0.8226143185136784,0.4028732826326371,0.458431424131438,0.2310808528744962
551,0.42373825364876283,0.2952904940479433,0.7250060762991187,0.8973857174637149
552,0.6675498992914705,0.23238432305604784,0.574287575090211,0.25619151443935495
553,0.09553531383466818,0.2810044989087136,0.667212337194181,0.22065105962174847
554,0.623859324676573,0.8034827432968846,0.7770492856517561,0.13812529314024724
555,0.4517676787372291,0.9292280536318539,0.8622029736581888,0.8591117576469165
556,0.5866084631754741,0.4051026945275664,0.3138754967224705,0.5000582591910867
557,0.16801420774486342,0.9061110021324971,0.538022705363903,0.6748932030541548
558,0.7368737449441821,0.32149570124788196,0.8401080784391999,0.23906638407502967
559,0.8627970775432285,0.4764369863437916,0.9894511309650564,0.7580404210112165
560,0.21673980009077565,0.22602899781599972,0.8895193110437631,0.7600055449620985
561,0.09571455552016173,0.640476042175844,0.3714672626243768,0.31259802490830013
562,0.023638586046336396,0.9789811151748089,0.19516651721865041,0.41068263301028285
563,0.641971500443266,0.6034930960433786,0.4893925374065887,0.20969027743020086
564,0.6070940360887808,0.35781408411354887,0.7416414518360422,0.9765610233229043
565,0.54669741271407,0.6478174459905284,0.4925690707532976,0.6456025770584116
566,0.23194709611597542,0.12292067846538757,0.4831808633136685,0.9345438807155155
567,0.39090599590551467,0.8886590802653986,0.8382304210818006,0.30338554362913317
568,0.594476335186173,0.5030839507798364,0.36140377906718635,0.7818909129968897
569,0.4967668588591694,0.44934974203964206,0.8597946748116456,0.765858643884742
570,0.9877855202148873,0.5858647884535192,0.40680480095172356,0.6916556518665415
571,0.13643975255673313,0.6247838627894025,0.3282331056783394,0.9656389752668004
572,0.6951445540475938,0.07177580622651303,0.453989911199699,0.39355533610631555
573,0.4043187681042921,0.6826172212234024,0.7624469586748684,0.1307173235897573
574,0.42819961492561476,0.24193168031552958,0.12600202786399428,0.6717088592440608
575,0.7175977656581762,0.7139526325065898,0.19641921587201738,0.7293098004772062
576,0.6924361513243696,0.8225347943841967,0.951444825663092,0.5750605734588147
577,0.9912559937021883,0.8039585075525203,0.17549162738135737,0.20681789313339627
578,0.12839428945412523,0.5525009674078891,0.5677273179310546,0.5044559416693554
579,0.10410964938416634,0.5201698923107512,0.5793144666619379,0.3121897365691294
580,0.7243388171287412,0.14287596133941172,0.4896244620502448,0.42746652816668906
581,0.5783869170064091,0.7753461504031356,0.6447452485768186,0.6452185758446639
582,0.27416066655980587,0.27140938044671437,0.22982672579761843,0.7452147426908345
583,0.0794193689889866,0.49669542281794654,0.5526622677767482,0.23222469090134312
584,0.08565824959643054,0.2842740929275167,0.37217325524689715,0.40532536064695335
585,0.8941908746641183,0.13382836299969314,0.661667259629189,0.2691615709916292
586,0.1918673247187429,0.6295576968917366,0.14122354337314946,0.19863161386186912
587,0.32337156211552076,0.05433203482290383,0.5708774168394762,0.7833872199958384
588,0.22665640222698802,0.7486452341262,0.1852703553833237,0.9092526944369924
589,0.3549963058319373,0.31758679526111666,0.2786430631150364,0.3702321856845767
590,0.06942384274609337,0.00013469300448532007,0.21870980032358323,0.7512789243737669
591,0.5190597909082704,0.5111291392372298,0.1828377798688171,0.8969952893644111
592,0.0676125635922149,0.046851908527603126,0.825710951560667,0.8461242105302316
593,0.8003565078223616,0.27616955782089947,0.28570756766089034,0.1828133885392259
594,0.23371208191043302,0.7069764874557162,0.9271237818644493,0.9562918815133613
595,0.5400119146045106,0.06268962162186587,0.9699265253451909,0.37667644042946247
596,0.8800790875614583,0.8393384923560023,0.5712604699370973,0.33924066117383633
597,0.6508773690471942,0.003819922658583108,0.1430011226657264,0.062431327277780335
598,0.5329577865513353,0.24682386920190225,0.37454824337958126,0.486173654104883
599,0.3243337531153756,0.7409040561520714,0.797732263348214,0.10901361564092871
600,0.33300191305819793,0.3162701497293068,0.36739072869707046,0.248539820927426
601,0.6694869551981901,0.10189238806601353,0.08701721830278875,0.3169426217672814
602,0.9941393612211675,0.3602339188004279,0.5567849109281879,0.808826323491684
603,0.6618391898493786,0.27039328638452553,0.8451208514960348,0.8754886503958965
604,0.5577834173700249,0.8427119021605549,0.7959263871435024,0.3024663174614697
605,0.7306505102392461,0.31334791758514313,0.17512314013035324,0.8586981212445739
606,0.46520561228371815,0.7889324717760072,0.6727646144124667,0.8572309373697911
607,0.060142342600785215,0.8918721448107347,0.2205042634356471,0.7646509503848735
608,0.5622968158779098,0.43381741957652953,0.21820753455217223,0.14669511401518154
609,0.9576252845053802,0.909943143854392,0.8740717733051852,0.690322846900729
610,0.17530294235765964,0.37731805396319285,0.24966895274023015,0.9450240645805688
611,0.6900048908206657,0.9640784164901082,0.2632473465180112,0.6825404787671571
612,0.20093368865905648,0.08928952452557293,0.0006533907612995549,0.33161684910783396
613,0.5358276844730813,0.6870192665032427,0.8706690341255177,0.5005793174308313
614,0.09667644964671962,0.49381404045692867,0.7925948132091347,0.6457250433510536
615,0.45037093625818514,0.38764880545564706,0.627328935090678,0.5105704087285036
616,0.7561633288952461,0.6327118787486009,0.7502657639388423,0.11995294173096982
617,0.3475715242389821,0.7038570916343312,0.1520485674244918,0.31206404465202064
618,0.664911724487218,0.004363269650309087,0.45832359458757543,0.8023960305536325
619,0.7954499607897292,0.16695308874719872,0.3512193873487809,0.8614180460955174
620,0.9271778194794527,0.7130460506343187,0.09377652625701649,0.13730003271557023
621,0.23464208185545354,0.6663854135782065,0.4861304852149241,0.9523867523987246
622,0.39931591580930814,0.9660475051286772,0.9207396503426354,0.32882261784860933
623,0.15241601333041743,0.761037790250783,0.04005911905069448,0.66231373873072
624,0.9924835021583752,0.950772707731338,0.2914609134937939,0.7518251459566812
625,0.9270009679242953,0.702540501534807,0.20754093620570346,0.8119462346378834
626,0.5399571302805596,0.29805220863944315,0.23814665366569632,0.9457497022259301
627,0.8420332943764213,0.10536492225085647,0.9084345518793753,0.3129195480288226
628,0.5209579772720422,0.7818238633449356,0.4680690542342901,0.8585064545515545
629,0.6235856880027597,0.6441492214759159,0.4662994129398188,0.13168690343620704
630,0.08912443211601662,0.04818601239329623,0.7605756424552823,0.7050409063535927
631,0.7552704204968079,0.36005046590097833,0.1544922040049258,0.7419777295139859
632,0.12771348363523483,0.9567998154842862,0.4872653541000508,0.6777232412013204
633,0.8260676302525284,0.5004011457102012,0.4299852141210597,0.252314736135153
634,0.7820280876703859,0.43272913601970464,0.5969106905466561,0.8730431470152034
635,0.7087446977429764,0.457699605159294,0.9995577032504386,0.168858463370395
636,0.036160380524762115,0.20888272400516372,0.7694488940820471,0.05363479152083084
637,0.3031283559453286,0.3687071708647952,0.3978657030174272,0.7174649906119122
638,0.26311256991084286,0.3698132559871766,0.827553052274047,0.4754757152327337
639,0.3601364074715191,0.0523550201874724,0.17070836331248018,0.8490980199586761
640,0.08764274676383854,0.7675676285179183,0.030463686308960125,0.38339714105825895
641,0.9369578230310628,0.416504431903879,0.20444837246427305,0.16827858850771282
642,0.5538022407123763,0.8221798868164233,0.34041155611425966,0.8364421924698697
643,0.30552431065802355,0.8503480011198954,0.5105807574595599,0.5489096316400717
644,0.3969815170742834,0.21199405469865806,0.6151291405411998,0.1891957923903549
645,0.44720254050483565,0.6573534821701286,0.9106057172144217,0.7203839985864458
646,0.6005943333606173,0.4722818041629817,0.5098540095504577,0.5111136384895005
647,0.5156794276964978,0.8801567379214851,0.5012756446257294,0.6043129822403198
648,0.9193919732144173,0.21574067917645412,0.05024300982298213,0.4608983382065819
649,0.49696348290583026,0.6778132003100442,0.03491155265622381,0.8287089838180064
650,0.9921580148233127,0.6077521222527226,0.5511599619163721,0.8295627156830498
651,0.8514249577450957,0.2953014775718328,0.4381786132483445,0.7093888218243862
652,0.2085105143573358,0.1366009036511726,0.8391803949802986,0.10540137739646227
653,0.9305952146439163,0.6516397604772766,0.16067958471184518,0.8388538619040689
654,0.11636639788547609,0.7385974581323307,0.024971662117049598,0.6710129805329098
655,0.8174497084911916,0.31562734376335,0.44903876793012587,0.6970241660042995
656,0.3806232934765801,0.6448326040223138,0.23747855675225749,0.36298284040387163
657,0.8779743204450695,0.39513090761150327,0.04961437333883745,0.8792795561570067
658,0.8680566901074503,0.7132068832826177,0.724598286847629,0.7253716002348575
659,0.8059254001176211,0.1992152748940531,0.11159299995724747,0.11259046652919447
660,0.7900304363070614,0.8902150026361744,0.6083195000077717,0.40777803440616267
661,0.3046791390980408,0.28740959646557973,0.28104975016688916,0.8863803619601417
662,0.08091928305125218,0.3677859877561529,0.17349605035502202,0.047196701697378995
663,0.40298017876516146,0.058091952080349785,0.37975152291931746,0.9614166196420495
664,0.17352451498650867,0.1115122123212764,0.8014457762229537,0.6791625683195628
665,0.6949510889024617,0.5158619027123281,0.3920935769045727,0.6313759776433766
666,0.34609972653778553,0.2675926767279715,0.7507696492110557,0.2705592564879914
667,0.9756102008599149,0.8354802257421944,0.1254862967991507,0.24879178873917707
668,0.640972077345332,0.014693388654953843,0.7727714196650791,0.9420582194885955
669,0.822480563634361,0.3790940486719362,0.23693332490664865,0.29827245423412274
670,0.13252467274184843,0.3373455467690927,0.6773931298888728,0.7755052967189994
671,0.8620144822726226,0.019327630917601035,0.5657815548409963,0.39312179820707915
672,0.9227571905133943,0.12436839900051022,0.9291447172116873,0.13925407078470398
673,0.4870619188189359,0.41364267491863527,0.38732251797531403,0.01071529769535895
674,0.6062529377509774,0.49286458444744663,0.06616518883444045,0.5442573370152508
675,0.7648098009029954,0.4042897472548691,0.019155485551252904,0.9757788185489327
676,0.17483862726041255,0.5309376784120938,0.8268585609727531,0.3691361938092045
677,0.5025660764634424,0.5951316749056815,0.5247356376614322,0.35719233399304484
678,0.3986630277723131,0.00992382112783563,0.7752440518349493,0.3440916178494421
679,0.1463739921622491,0.4640951594535039,0.2344256000115147,0.5205438373048584
680,0.36753442229153144,0.9634992408875883,0.34508374551323373,0.44066488342429355
681,0.06817230938549357,0.5190322801295487,0.03010387221131894,0.8799146267270145
682,0.025811906949486985,0.6775422674589532,0.9614923245741122,0.5055207917234903
683,0.13516628915482276,0.3118638579168832,0.6678679067008134,0.5077578381885688
684,0.9631151115891738,0.7739913781527625,0.9332050877593062,0.1383715947205566
685,0.549529535895017,0.7729214818761151,0.2654964074290723,0.982739540910386
686,0.96582216115322,0.521296047654139,0.6114636112256608,0.24997289086882968
687,0.432497878330132,0.9760138232792136,0.6784999682926378,0.07336406745960267
688,0.3118161330852596,0.12555021476265338,0.31754970025758844,0.6631462489752088
689,0.5061418628402441,0.016947664889580993,0.8481092350156301,0.5953663701568727
690,0.4395116886329101,0.770158211757096,0.9471614629002478,0.4151456539927457
691,0.10566468426174391,0.8071555373648825,0.8848551176960043,0.42219223388067806
692,0.6408263146902062,0.12020722912057624,0.7390669759393725,0.7850639210464312
693,0.2160381825095996,0.2655828329586061,0.27746467972495403,0.19571264009964906
694,0.6195879548978296,0.01755236336662891,0.28161604210563174,0.8202533189448897
695,0.6502010923981534,0.2933086107805647,0.9633603204460379,0.6487471138950182
696,0.1520248531286481,0.7731418739186715,0.010284495935692028,0.4189697737795244
697,0.06134962711066816,0.5179605277125789,0.7160499732421445,0.4580286165838686
698,0.7807615860684398,0.3480955931682881,0.7062461625552622,0.2566472071860958
699,0.4598004237693202,0.3717392949063303,0.6226895409497974,0.7521143326969748
700,0.05816379550547579,0.0013536257154681541,0.9901088460868658,0.5128747423052678
701,0.9948663171697671,0.2998005275652359,0.31187943576372523,0.3208545427498436
702,0.05778056099636664,0.6464587416379305,0.3399718637932482,0.5960501157609502
703,0.6950352288585532,0.9741944438163571,0.07893940294655555,0.995734452051323
704,0.9836789252634136,0.8470608269838995,0.44279813654373745,0.43526227965655384
705,0.23918010421592562,0.023594964645529126,0.2610485262348481,0.9206914007786196
706,0.14224936868719618,0.8985606046748393,0.3433867021776442,0.3450168399245661
707,0.1213849394224289,0.7831984132986259,0.8345717902556277,0.054732706924985886
708,0.30327514756759555,0.7803761235709804,0.9354845135274957,0.20424210636842888
709,0.10104581101064669,0.4579957590035715,0.18573307200518563,0.4186951433276842
710,0.6921613416941319,0.3980052929545028,0.37250893155346587,0.219634928594569
711,0.06229179813006269,0.3029157288331926,0.9286305621153941,0.0002270382182555375
712,0.5094221281497897,0.06569485895436578,0.06180846068922263,0.9150015377475272
713,0.9966968538529768,0.2282353634936991,0.09236052811137851,0.843879411230929
714,0.8139702695060188,0.24660363497802462,0.16279098920622936,0.7422922314869471
715,0.6152194382310109,0.4840770697102016,0.5952128341268748,0.16781459564602863
716,0.30625362078661167,0.747444406596694,0.15047227100599747,0.12036357620998606
717,0.6238958362916385,0.4738098283979466,0.9680763814507335,0.06760474947238315
718,0.5270414639116516,0.057844449447160606,0.44671452725852034,0.7240291887729212
719,0.4260833838903715,0.9577898009882039,0.5015179603501664,0.9288079606878853
720,0.13071037674019947,0.9427243190941123,0.2466586158054065,0.430535820913037
721,0.8866042152404667,0.7851895431484084,0.4709602524347335,0.11914067199604816
722,0.4497846488213225,0.9913279015642206,0.6619136326370115,0.5123928207321066
723,0.19462251182076507,0.5444823328002629,0.7511771369540428,0.34883190745863013
724,0.3677593508772896,0.9627683502532061,0.753868082709913,0.3748249243499977
725,0.41412975252892703,0.07560504061675077,0.5778911126940883,0.6213306241557073
726,0.8275378955668743,0.3656807482613713,0.9043597749938572,0.7187181132622024
727,0.733614380561402,0.22538126800676583,0.8174078473061094,0.11060359887316085
728,0.7693048936413398,0.19583308413427003,0.7570481146986254,0.035590230806476386
729,0.011031264428647214,0.14080294889267608,0.05560552168046062,0.9943303026857149
730,0.4161539981797615,0.6224136415659967,0.006877962219649314,0.23272834891555183
731,0.4813441516353236,0.7813218557473051,0.21244727719547296,0.053830524908459076
732,0.019192276823056686,0.5782983994203607,0.6635235939134523,0.18987532909591998
733,0.2598132087450342,0.14696270958820967,0.4111974888825458,0.03895784634846422
734,0.760289823122135,0.8111237699334709,0.40240625929931173,0.39181089461717167
735,0.13710970572899905,0.6359547071637285,0.8845868882296137,0.8024017844513243
736,0.5353101314525917,0.3881657061269955,0.8955628481318387,0.3412444497577206
737,0.2152018720172375,0.674130295536063,0.9091752640535857,0.44418340687836655
738,0.012120774643893273,0.25990497924283285,0.3138780765150273,0.6755867735674388
739,0.24120145759954148,0.3451922084942105,0.6910558127392618,0.5088940700698802
740,0.9758737549100538,0.9174858431319902,0.27163318127436964,0.8614456860213242
741,0.8015371118829896,0.2905045056714204,0.19060983307444979,0.8660356750457565
742,0.9595766443210334,0.4699882681579366,0.18463245734736922,0.009910695491153643
743,0.48785404392636245,0.8901411373960146,0.34210762086359403,0.7780463064831992
744,0.1097361986775035,0.7077213502675275,0.4299576197798217,0.46073360024167387
745,0.547959488973693,0.06220322616470275,0.8309491710550684,0.9888405413036631
746,0.4543773345599609,0.14730304427897034,0.1198910934727121,0.48323207587543515
747,0.844357082739616,0.007841590771916818,0.7349258473948942,0.9868959453882975
748,0.09808258078424459,0.6309217902291634,0.5314549141893053,0.7545693612057366
749,0.4882411370217782,0.4476734254104183,0.2879453426759925,0.24860488461330632
750,0.15004866469398426,0.13427485090227553,0.4928195845328246,0.5383949792869577
751,0.32467592689006,0.9579341210567704,0.29994206977702265,0.9921356394785827
752,0.7373570773877997,0.5296597239456199,0.596081955238306,0.8575306077519237
753,0.47601812936876653,0.24189329411288918,0.4338439228552442,0.0973668937912211
754,0.37588828514576933,0.5006035711547075,0.16440552907887873,0.7063719968099961
755,0.3944762785700353,0.6796203327351078,0.11658307455569672,0.34557958587081306
756,0.45944676840598664,0.07623921797356448,0.5466956820721302,0.006982261880348117
757,0.7850165438370569,0.274703815047892,0.9024130332861034,0.4034809690269996
758,0.8920846889402344,0.8069654908839936,0.34395768655768555,0.2347544217249713
759,0.9553346865039283,0.45966487040266124,0.7330001072226232,0.8188692705204715
760,0.7869033862552951,0.5465771420322949,0.658661354939767,0.3373306088457655
761,0.31540689574801273,0.43281600220946925,0.931554914309481,0.8275236939538171
762,0.6881347060865421,0.04389994264300512,0.8209810172991409,0.0005979388347953085
763,0.4376031240553919,0.16574977982015593,0.566605258905463,0.30781915002611915
764,0.2546706220460512,0.4455416387418909,0.6570304982341073,0.24116521430776194
765,0.8408715794259226,0.20918546540792782,0.8983864665840349,0.23356736106861098
766,0.038426348962324997,0.04997902865967874,0.3995187845869348,0.0681866197654627
767,0.9017619921354235,0.8436496640518237,0.32679470585777737,0.18712427041050173
768,0.46147746462473416,0.9811925291641158,0.010811083635196339,0.5555495698856199
769,0.6372014768082804,0.7931428739967394,0.8265510741914642,0.2913610728377445
770,0.6593539222057827,0.853784921704667,0.8009807004033649,0.41739478232914795
771,0.8951177407065364,0.24197713031704537,0.10445451810015138,0.3768668803471885
772,0.6366696821672073,0.9606269755131998,0.5768573811327002,0.8759049249998946
773,0.6139335847600618,0.19692570445342839,0.4639816981668874,0.9052989990105155
774,0.06665204056068996,0.9514298103618323,0.11870909550911146,0.49295697165586005
775,0.5184080219452041,0.994819293965951,0.9805682270607236,0.3301559503156044
776,0.15016900081704165,0.7117228057460487,0.21469588746335544,0.10680070400236363
777,0.7374337687214856,0.9811437317918219,0.06723418009056115,0.953402879382095
778,0.5122219208126745,0.5695397795671037,0.5948473795019096,0.06022694490029745
779,0.6802277792083533,0.25954178317609033,0.7388666771330327,0.29765027756828044
780,0.041672900602384266,0.43699588566562086,0.03244344604718696,0.29806620117000415
781,0.08479201604580322,0.593560935378786,0.6587176387270222,0.3204012861402149
782,0.7163233880626823,0.07308156202701499,0.5322918759514544,0.16428684327240928
783,0.07208433599867337,0.6223432646172461,0.10326500887504841,0.7831614309236972
784,0.0712567277652586,0.9811778367622945,0.17252387694636206,0.12249786196598922
785,0.01210847523488745,0.19010764978372763,0.5679742973160805,0.6349066591531628
786,0.9565013982994801,0.7925951162883833,0.2963576135132884,0.12384602670581746
787,0.737508359459007,0.9078987937796194,0.9383157286513161,0.07053563759295656
788,0.35325140850206416,0.9437015928202208,0.8187402294840508,0.9094295036858765
789,0.2965355812876552,0.9601356044054472,0.983567206513663,0.19012876631870568
790,0.34970322974584955,0.5214596387214719,0.259670838950414,0.8212501545597043
791,0.7746535311811819,0.9773079079915037,0.969723632797977,0.5446308711071358
792,0.6613706110704144,0.7573102071344389,0.43123386979155787,0.0778565196087696
793,0.18519556786746794,0.1616714362369619,0.3475187953137546,0.9554481914380675
794,0.17410933533408435,0.47690010646797,0.05034952696935324,0.24696116699189252
795,0.09839564971339732,0.718331175372004,0.05276525785960262,0.8596453453526065
796,0.6603027197013381,0.24734031581908333,0.6920112559466547,0.16881000578456418
797,0.7643726622217359,0.6406151835488874,0.4579289944340279,0.8539428821418529
798,0.265046428325004,0.6666004790466192,0.2265216260361057,0.013228812905293985
799,0.020944961030912812,0.1626997438085659,0.6139703063252326,0.5117804565694807
800,0.08217166747642735,0.5650853124527563,0.2528581182501112,0.7694425794215568
801,0.9678600348450305,0.7716269109786077,0.5776317543444226,0.9347955174927833
802,0.29544477747742026,0.4988956645359419,0.35920874698269034,0.909202136206487
803,0.7692231478381336,0.012103116776107425,0.823552226611819,0.8196248695476449
804,0.6246635688542638,0.009038469079292177,0.8206961607667793,0.8881913496613041
805,0.3819396396528959,0.3570293439700122,0.4773503981224013,0.1992196858370765
806,0.2056872621955551,0.926194068431782,0.3508191093350156,0.28418429571172876
807,0.12138641815940643,0.22867677960360877,0.36255979655909454,0.2889685249210585
808,0.6150129680388666,0.6343636888716871,0.8057145256682179,0.3770539310016988
809,0.774633780637788,0.22207587069332058,0.328179482797612,0.3933206703851887
810,0.6439042535411307,0.3216699896595486,0.20905937370684602,0.5445553246546755
811,0.5303021332491583,0.848042089601484,0.08468834187530683,0.15987976336644139
812,0.041951223431636264,0.7288614422699469,0.4666931208844084,0.6912466637859893
813,0.9684887775943838,0.09539927731321063,0.4821320989198419,0.1675665393045065
814,0.7987141916545746,0.4287020209864336,0.8409087104029072,0.31030848210454753
815,0.29282203670096474,0.029169763645264468,0.22123869644606398,0.503345130606154
816,0.9799703293588506,0.480890146603009,0.3809912736683999,0.7964405615234773
817,0.6018815896363221,0.6624340117010681,0.8084057388936909,0.7394692332387273
818,0.5824226582072465,0.11850262359815156,0.8236236107489735,0.6455343564105223
819,0.7480731794295321,0.28888493890916567,0.3846110759787682,0.15577326058017016
820,0.8117697880901376,0.3978366255021569,0.4591240232866809,0.5470453456155777
821,0.6564786073315027,0.9195310246560497,0.3032858908492829,0.08744650179988545
822,0.12809574636620003,0.993255015422964,0.9325548784193121,0.37736317679665077
823,0.3382675059944984,0.044911298995615856,0.11864376574158031,0.41351653028995916
824,0.9280836403260497,0.761007923495392,0.93374942300147,0.03981143944575383
825,0.22461561184385193,0.37172406640234323,0.6838664518353432,0.2739880994699718
826,0.3721670238375133,0.39245818622948003,0.5315721526867312,0.9556494672664894
827,0.432076882944196,0.7542649733470227,0.032659060784495875,0.9536326078296895
828,0.4394049896944522,0.9184264321454086,0.4755961918220083,0.3523270542525393
829,0.6129395824945255,0.9509285945025484,0.4077481050027323,0.043100108948324056
830,0.9430758377447076,0.5771225860383208,0.16121881197512256,0.17909493932818155
831,0.24069271183250496,0.3571211593005028,0.6564096035006569,0.39221779343354013
832,0.12150137630091806,0.7875490858587793,0.9711509073682858,0.9477796979692298
833,0.19747048985993731,0.25100138326230026,0.5621888110645251,0.14119906353718492
834,0.8869249002092695,0.5640740288335178,0.7147532764439458,0.7635158436682122
835,0.645810812655206,0.35857846152487316,0.06845045256601678,0.10868253937469208
836,0.28590678923916013,0.6566310737078761,0.41766699581699473,0.9812575773912768
837,0.8159469389686173,0.2403989128935069,0.11635848516449587,0.381616499109135
838,0.861369996363436,0.19159294573482577,0.6127958355365104,0.775234538899056
839,0.846514338690278,0.9182390866754371,0.9384821582141546,0.3425910828111318
840,0.9189265336395545,0.1018036829495369,0.6617777324716385,0.6276688771588087
841,0.2522410201733616,0.5059579077349317,0.07680304831442153,0.19201608474003673
842,0.7550419287462783,0.22085278296300892,0.35466620498508283,0.14602101929696254
843,0.46053949727414,0.03892996332566745,0.5506633794408515,0.9380641395681313
844,0.8419985528900615,0.03601881829142639,0.4032077561332522,0.9176472779044335
845,0.7284906771616132,0.17522177210582734,0.8336440104751723,0.8874689402128824
846,0.7764474464997246,0.8667703545060003,0.8146710047099892,0.6254334501665935
847,0.6561618376810715,0.28247874397702666,0.6118310201032214,0.8082682112162782
848,0.17742876946970687,0.9504591705752957,0.37345794513270525,0.06903693691137491
849,0.5450269188969383,0.5816222929891935,0.25533637376324414,0.33478904189067915
850,0.9846697395245082,0.4366141897687661,0.10587431821312931,0.3137031247571562
851,0.9373880664971189,0.5800888346694546,0.35489768348655404,0.6356453219526133
852,0.04317373579701167,0.5166983852262678,0.4131725172077195,0.3559577734706405
853,0.16481481572943713,0.7587762537573252,0.6758229251040736,0.1485067816436808
854,0.1317287734545619,0.28249606597285226,0.6581598242975735,0.5964670754135437
855,0.7259799099852955,0.3530503916003024,0.07010813964125695,0.8143839206690815
856,0.8177853298569451,0.8940943025332507,0.3952593154311578,0.3821234944599732
857,0.2135113663106719,0.9464565131504055,0.18177886721736192,0.1322687150984817
858,0.505852692951829,0.8925582274864745,0.1568127053168057,0.19668819731282305
859,0.8407030280112,0.4194479939573136,0.8273021497372459,0.23748330516938398
860,0.7328015447662506,0.7803655030068817,0.04191521671625753,0.2998975929945362
861,0.5422372054918483,0.4763357333010988,0.41918287590212133,0.6427950705063091
862,0.5903476904587729,0.4975398521461022,0.1682036557665182,0.600945484537719
863,0.50836054691628,0.20468010905728395,0.879330215678474,0.6960798615670392
864,0.2975484513188206,0.5911303032585165,0.5570405132750351,0.36250198453151317
865,0.5650219928590161,0.18613589775334793,0.23138063637684803,0.8239976518799783
866,0.6888853020500907,0.33156469906719377,0.5024272871663764,0.20408766115576027
867,0.8733229158608077,0.8550302016199351,0.7314863597031158,0.46904074751815394
868,0.6362913539792481,0.20707580921085522,0.9581180089194338,0.8009387215414303
869,0.761121537043158,0.07115828517343281,0.22044600424541894,0.18015864773261925
870,0.160071634954573,0.0690075926128163,0.8861817721293451,0.10986311374078295
871,0.4615574744197899,0.9407845205031079,0.9343041141674903,0.8836839676879897
872,0.009331619827093296,0.5069204379618346,0.9164205445320662,0.3429296627591959
873,0.24667886452162302,0.40941207181701833,0.6354143568619098,0.683870124909032
874,0.7264617151130048,0.8108785810079184,0.6298206544347077,0.02534860426393848
875,0.9918099513493635,0.835825927910516,0.4032106331838228,0.6900468884094496
876,0.0991780995872159,0.3321910331156046,0.7523978823037879,0.3161013115469705
877,0.40149431586128825,0.6936180574737952,0.5312940183509319,0.05574085358744174
878,0.8000709686991595,0.7711228158518866,0.6774380712282945,0.609812761548117
879,0.20403563462889884,0.6546506868659545,0.42845790384879545,0.24080381607317325
880,0.5550849493022862,0.15159507480009937,0.7314964640431391,0.38680724205188
881,0.7330712960296748,0.875883083517057,0.8244715176045491,0.08058081228651359
882,0.615985450260179,0.5390945527360087,0.14643625660281612,0.14716325109494532
883,0.18802473461541613,0.2824724263700037,0.832929715574228,0.29797723549584376
884,0.3553845686857394,0.4252281854376939,0.5402965317903072,0.08975950056015713
885,0.7837917844853972,0.03757109039890738,0.8446659090902243,0.9108262646863152
886,0.5542265141320166,0.12786680122241756,0.4313017063410146,0.006047043183978418
887,0.005229613542912737,0.7655467505158609,0.37904048538303503,0.4838602188643114
888,0.7609907600280938,1.1634755366141114e-05,0.9150607325172224,0.12324745813255145
889,0.03531135494023907,0.4165658284822922,0.2511692675484013,0.30767908947794853
890,0.7457337827312321,0.5225101810855884,0.8442123252861431,0.9260595598182655
891,0.2024805601652374,0.054634420000972295,0.4840205725094041,0.16169455327398685
892,0.9580734801193802,0.9730781629723328,0.5140954425512597,0.9658323197183326
893,0.3679407513020845,0.22612533124967193,0.308468281489484,0.2057943769894217
894,0.3269316163380791,0.30419871963628087,0.5730422006190157,0.7415661084668296
895,0.14888805033244468,0.30394251225502733,0.3252111962762113,0.5466772648973117
896,0.3056042154902149,0.2304166621173499,0.03926941424165231,0.8844787275967592
897,0.8766507618282006,0.001473822086311416,0.27199860534435605,0.5539932555031309
898,0.9963343376272473,0.7293447940879964,0.006379043406590679,0.5345592191563087
899,0.36830953050684834,0.9668454997992854,0.9783547870568566,0.1954580003683999
900,0.44861063095454257,0.22429348328504506,0.9657472098197475,0.16622936205165872
901,0.722070938202737,0.6630471918034224,0.39515529747230504,0.9164891511155142
902,0.8861957804650745,0.7418963269587151,0.728370854339646,0.32783819885003407
903,0.5930443341867842,0.8484253790905247,0.345806098410425,0.37208225496289593
904,0.39152569817782934,0.4226291970136091,0.671093157085976,0.7598236584283884
905,0.41262184084862374,0.30293090564042924,0.8054300430459791,0.33882348242280735
906,0.6956181464968069,0.3252951340230311,0.9467562446922407,0.9520624466390027
907,0.0032182636042786816,0.7126213330985128,0.400212275849672,0.7379277689988003
908,0.6195893374598407,0.816779466505636,0.7832979829560477,0.59742924257342
909,0.3554930104413574,0.18161396775660266,0.2659284506321188,0.8808951605447525
910,0.7941973312770843,0.3709410081577652,0.9903323037936483,0.04960590834948275
911,0.09299063982313216,0.90194019674915,0.025769598764351143,0.25706269218920874
912,0.5882022669483905,0.8066935196947392,0.603528806501121,0.46503633422090995
913,0.48097288988612374,0.9848584027624758,0.6595059816513271,0.22697853947152102
914,0.6423255259052274,0.7542482596820808,0.6880455570741288,0.7439051873021519
915,0.06485359448296835,0.39319520102792227,0.12038757878908901,0.9192080310537252
916,0.5799837874281313,0.5906378339946378,0.9385297834731304,0.4237701199309234
917,0.5614845879595237,0.6610142542473203,0.1811832790500828,0.34213260011189495
918,0.5606600944161709,0.07845581631712395,0.6227534032398411,0.9615507321375663
919,0.6034876665964548,0.5444969591038651,0.22267607912308496,0.44485243282754083
920,0.6764679372263622,0.7093208284726096,0.3072164170212709,0.4890484004492832
921,0.8049889996807698,0.16732130400106038,0.5464585417281244,0.35164987234190537
922,0.26982072012821434,0.7806317174255571,0.4171934185645765,0.9095484730121384
923,0.8250494101800621,0.5837727805141116,0.1602256009765063,0.5689554832818507
924,0.4982556822634536,0.9522217856975946,0.1709364024208483,0.7621745871816447
925,0.07705827913433116,0.042422298206891695,0.41814478816279965,0.8118067183508864
926,0.0585509292439792,0.26532613755546697,0.7572829782755007,0.3418490419172582
927,0.3342383186960608,0.6015538792998241,0.8979646468477885,0.43369433132038004
928,0.7848969771114676,0.2965599122059307,0.08412766225938284,0.8484717744062646
929,0.7076809347409158,0.7144241640712422,0.39310390755940106,0.36325535167581025
930,0.7886149646724064,0.759005282521931,0.10024556372287663,0.7939351334518513
931,0.5172690564416094,0.10251596406647445,0.016592480632597884,0.9409923225744371
932,0.44019899795549056,0.5138544642067677,0.6617186826439566,0.623210373068007
933,0.14745252670628395,0.5088905555910559,0.6024494419665878,0.7416272874518889
934,0.32819275360931155,0.36928077021554107,0.1630191138148862,0.8050973120411349
935,0.43401936617387527,0.9329248625696721,0.2338128330930641,0.8450396488966425
936,0.08860042967961723,0.8275063198732212,0.02370775364451838,0.39505333785679597
937,0.22061195271121126,0.6972093819096368,0.8349472056944037,0.05126345917599817
938,0.5982252940637388,0.7143266357349976,0.9746905960485515,0.4018762712367395
939,0.7356631142391898,0.4617161438131191,0.1354595367946908,0.6737562297840898
940,0.9983475113929496,0.9209945210965759,0.23147521376529812,0.4503503857807928
941,0.9331133313435577,0.6945954272532854,0.868409523946934,0.7489631508603986
942,0.6425651995351915,0.7289810616558164,0.9264637979561848,0.3569824294686639
943,0.421248053294072,0.8616909037873453,0.41962738280681033,0.6347441411040295
944,0.6361773647082327,0.274071589342191,0.050622472269074126,0.18641980485397458
945,0.785651618080232,0.807070903866703,0.0393918336928194,0.7493694366449569
946,0.11833619092338732,0.19524060295649204,0.5739498660690104,0.5456959688130258
947,0.40990488969628824,0.34534195224488784,0.392895108893179,0.20406438854660058
948,0.8398022856356172,0.3356104542698427,0.028652427577654516,0.29191117349780726
949,0.383832951933044,0.9785254683891406,0.5832523923125568,0.7486087085818324
950,0.5718722712271865,0.8565372237479268,0.011302536589022472,0.4826012356615207
951,0.5877693608621982,0.7011698615902597,0.787371958149273,0.2160314403930722
952,0.18447625313363936,0.7270567616153901,0.3064328227033716,0.9672711903702976
953,0.3622354416522884,0.5620727944025711,0.0402580030092321,0.7151250198168879
954,0.33451128874193214,0.9470906671085191,0.5883522209831533,0.9571348325397961
955,0.026196708532064794,0.49625875288236154,0.3976844144330547,0.4271050453603432
956,0.024191763891355245,0.3805177098698945,0.9738004133571495,0.47510034069172047
957,0.8316970436757735,0.163035336931591,0.5441986625037022,0.8979552161850192
958,0.2730708099728124,0.786205652261058,0.2752391810370083,0.5250493402453846
959,0.5180787662388154,0.7344439320755914,0.7094388646339748,0.7072789119056672
960,0.29872557358877305,0.3843550385241349,0.27149200254271133,0.25217287749552997
961,0.9406792451153405,0.02519341395922936,0.9042432914075651,0.44672646870264054
962,0.25929675886577375,0.8389973277180107,0.37472197050737643,0.12344986581035511
963,0.4296568127389351,0.011417983454073632,0.5498685627762052,0.20598003587696168
964,0.8727302504846018,0.703699779629051,0.05057310382422886,0.000943415267631087
965,0.8419335667918086,0.970257109726057,0.4261212379522308,0.03926505164866023
966,0.18610141784627732,0.43766132814820347,0.832363539660995,0.9772838231769293
967,0.8026433097957104,0.23497340499595276,0.8056488053633419,0.2423536951367623
968,0.45818688673789265,0.7048710100433817,0.22431855885352625,0.663310709504002
969,0.4829688720853552,0.8171281420155851,0.22607907101056268,0.8390996987996115
970,0.13347997241594378,0.5464303160778473,0.8173053122132368,0.5506604592365643
971,0.08060151375712465,0.9670352752561462,0.9303984201693255,0.1531445000839562
972,0.7279393069737652,0.0516687216579611,0.09536092127300355,0.7281164373361664
973,0.49646115235529975,0.5047955983045281,0.45005863942622526,0.600251410099583
974,0.43685070261517955,0.7184539473225501,0.33745427896422897,0.7312505893473751
975,0.7295082286523967,0.862640471149179,0.8706884554574393,0.7697466228570872
976,0.7655128989911097,0.17925561190779005,0.08352491468001877,0.9754103676847451
977,0.15890816766935356,0.8000034817636814,0.2111259425580374,0.57356328002671
978,0.6102251494776413,0.5527070757185453,0.7524683375864943,0.3416411126906018
979,0.13535408227768553,0.3965536819899632,0.051293848981215584,0.6484645569002371
980,0.7513750860290457,0.13171502857909356,0.49253538071428926,0.06844070924262613
981,0.6569551562671395,0.8652957589089124,0.44210703467972,0.8973973183215863
982,0.956614621083458,0.15727320817971535,0.33440117898874866,0.11938101133819679
983,0.06895801635642118,0.30978785920909924,0.3945723153189238,0.32784283788581825
984,0.05705472115125432,0.2900455319624369,0.5299405869302329,0.8157453806261209
985,0.28218707469320015,0.8714140341908543,0.16136735838838312,0.5973123783307118
986,0.26170568373590597,0.672702994208898,0.5719958782835928,0.3936355202774421
987,0.24697879907199982,0.7966813971913723,0.8054323292999863,0.4734356593750214
988,0.9062545805210367,0.250467898792499,0.760160929790159,0.8545473932021803
989,0.2495461998495061,0.6248740996069989,0.15389990469377368,0.34000438605989214
990,0.271949726128631,0.5717459831437487,0.1492494697414739,0.8696496848121713
991,0.7593982624179637,0.8328303767882711,0.2681743677449133,0.08813443097669149
992,0.44973984245054,0.9060870604812605,0.3610747263410372,0.7767984372086307
993,0.7767105569551812,0.012156771477386807,0.4084555814084826,0.8475476330547363
994,0.06536615756438524,0.6740199190587927,0.6796972168333453,0.18181765283733875
995,0.4875711936733843,0.05183579911972902,0.056680432165835404,0.43034653237220044
996,0.03361360018328263,0.5488586650773559,0.034672704226066386,0.16549977466365562
997,0.06265320345535452,0.2876327290436782,0.391910562943909,0.7066041289942178
998,0.906437453344411,0.3067765995221412,0.6971636921379805,0.5353477680616567
999,0.13924537111759516,0.3529585034523566,0.19343534295648257,0.635323346708321
